{
  "R2": -1.180265180047368,
  "RMSE": 4.24427897548183,
  "MSE": 18.013904021717096,
  "Bias": 0.6155048952683694
}