{
  "R2": -1.253365753773139,
  "RMSE": 4.314844088316396,
  "MSE": 18.617879506478946,
  "Bias": 0.13779282783637564
}