{
  "R2": 0.8577369458038171,
  "RMSE": 1.0663038289845896,
  "MSE": 1.1370038557071969,
  "Bias": 0.48471039312066766
}