{
  "R2": 0.9228921308846267,
  "RMSE": 0.785026387908697,
  "MSE": 0.6162664297129761,
  "Bias": 0.25372758342739277
}